{"type":"Topology","arcs":[[[83,146],[-10,0],[0,8],[10,0],[0,-8]],[[75,146],[0,8],[6,0],[0,-8],[-6,0]],[[155,53],[-102,0],[0,73],[102,0],[0,-73]],[[84,45],[0,88],[61,0],[0,-88],[-61,0]],[[0,58],[0,155],[217,0],[0,-155],[-217,0]],[[13,0],[0,270],[204,0],[0,-270],[-204,0]]],"transform":{"scale":[0.13896752424898814,0.07524866494255046],"translate":[19.669371957145554,39.11458164640034]},"objects":{"kiev-h":{"type":"GeometryCollection","geometries":[{"arcs":[[0]],"type":"Polygon","properties":{"fid":1,"cat":1,"cat_":1,"cat__1":1,"id":null}}]},"kiev-v":{"type":"GeometryCollection","geometries":[{"arcs":[[1]],"type":"Polygon","properties":{"MINX":30.07831350714837,"MINY":50.096635061575604,"MAXX":30.929937956060495,"MAXY":50.70407452784883,"CNTX":30.504125731604432,"CNTY":50.400354794712214,"AREA":0.5173103007124135,"PERIM":2.9181278303707074,"HEIGHT":0.6074394662732274,"WIDTH":0.8516244489121263}}]},"south-ukraine-h":{"type":"GeometryCollection","geometries":[{"arcs":[[2]],"type":"Polygon","properties":{"fid":1,"cat":1,"cat_":1,"id":null}}]},"south-ukraine-v":{"type":"GeometryCollection","geometries":[{"arcs":[[3]],"type":"Polygon","properties":{"MINX":31.296973527093765,"MINY":42.52458782781085,"MAXX":39.81321801621501,"MAXY":49.15026918719153,"CNTX":35.555095771654386,"CNTY":45.83742850750119,"AREA":56.425922363499126,"PERIM":30.28385169700386,"HEIGHT":6.625681359380685,"WIDTH":8.516244489121245}}]},"ukraine-h":{"type":"GeometryCollection","geometries":[{"arcs":[[4]],"type":"Polygon","properties":{"MINX":19.66937195714555,"MINY":43.493467510831636,"MAXX":49.82532471917598,"MAXY":55.115014111288346,"CNTX":34.74734833816076,"CNTY":49.30424081105999,"AREA":350.45881030510793,"PERIM":83.55499872497428,"HEIGHT":11.62154660045671,"WIDTH":30.15595276203043}}]},"ukraine-v":{"type":"GeometryCollection","geometries":[{"arcs":[[5]],"type":"Polygon","properties":{"MINX":21.432202758539116,"MINY":39.11458164640034,"MAXX":49.81968438894329,"MAXY":59.431721180888964,"CNTX":35.6259435737412,"CNTY":49.273151413644655,"AREA":576.7524253176542,"PERIM":97.4092423297856,"HEIGHT":20.317139534488625,"WIDTH":28.38748163040417}}]}}}